specimen;total_thickness;tape_thickness;loading_step;strain;crack_density
S_600_140_6;600;140;100;0,001770552;0
S_600_140_6;600;140;450;0,00361785;0
S_600_140_6;600;140;800;0,005953062;0
S_600_140_6;600;140;1150;0,004770841;0
S_600_140_6;600;140;1500;0,00681542;0,016233766
S_600_140_6;600;140;1800;0,007943184;0,032467532
S_600_140_6;600;140;2100;0,00817838;0,064935065
S_600_140_6;600;140;2400;0,010458836;0,178571429
S_600_140_6;600;140;2700;0,010790608;0,227272727
S_600_140_6;600;140;2950;0,011470236;0,340909091
S_600_140_6;600;140;3200;0,013416156;0,405844156
S_600_140_6;600;140;3400;0,01391489;0,487012987
S_600_140_6;600;140;3600;0,013816049;0,519480519
S_600_140_6;600;140;3800;0,015843149;0,568181818
S_600_140_6;600;140;4000;0,017516622;0,600649351
S_600_140_7;600;140;100;0,001494636;0
S_600_140_7;600;140;450;0,001548391;0
S_600_140_7;600;140;800;0,002568649;0
S_600_140_7;600;140;1150;0,003285426;0
S_600_140_7;600;140;1500;0,004488091;0,017850768
S_600_140_7;600;140;1800;0,004741868;0,035701535
S_600_140_7;600;140;2100;0,007777415;0,089253838
S_600_140_7;600;140;2400;0,007245995;0,107104605
S_600_140_7;600;140;2700;0,007639395;0,107104605
S_600_140_7;600;140;2950;0,008988439;0,107104605
S_600_140_7;600;140;3200;0,009883714;0,142806141
S_600_140_7;600;140;3400;0,012154526;0,160656908
S_600_140_7;600;140;3600;0,013557484;0,178507676
S_600_140_7;600;140;3800;0,014623275;0,214209211
S_600_140_8;600;140;100;0,000635;0
S_600_140_8;600;140;450;0,00127;0
S_600_140_8;600;140;800;0,001905;0
S_600_140_8;600;140;1150;0,00254;0
S_600_140_8;600;140;1500;0,003175;0
S_600_140_8;600;140;1800;0,00381;0
S_600_140_8;600;140;2100;0,004445;0
S_600_140_8;600;140;2400;0,00508;0,016233766
S_600_140_8;600;140;2700;0,005715;0,097402597
S_600_140_8;600;140;2950;0,00635;0,194805195
S_600_140_8;600;140;3200;0,006985;0,340909091
S_600_140_8;600;140;3400;0,00762;0,487012987
S_600_140_8;600;140;3600;0,008255;0,487012987
S_600_140_8;600;140;3800;0,00889;0,535714286
S_600_140_8;600;140;4000;0,009525;0,568181818
S_600_140_8;600;140;4200;0,01016;0,584415584
S_600_140_8;600;140;4400;0,010795;0,633116883
S_600_140_8;600;140;4600;0,01143;0,649350649
S_600_140_8;600;140;4800;0,012065;0,714285714
S_600_140_8;600;140;5000;0,0127;0,714285714
S_600_95_6;600;95;100;0,000724129;0
S_600_95_6;600;95;450;0,003105732;0
S_600_95_6;600;95;800;0,004258998;0
S_600_95_6;600;95;1150;0,004446893;0
S_600_95_6;600;95;1500;0,006460302;0
S_600_95_6;600;95;1800;0,007026499;0
S_600_95_6;600;95;2100;0,008368423;0
S_600_95_6;600;95;2400;0,009643128;0,089253838
S_600_95_6;600;95;2650;0,01081086;0,357015352
S_600_95_6;600;95;2900;0,011953088;0,624776865
S_600_95_6;600;95;3100;0,015400988;0,785433774
S_600_95_6;600;95;3300;0,015761582;0,910389147
S_600_95_6;600;95;3500;0,016317363;0,999642985
S_600_95_6;600;95;3700;0,01783388;1,017493752
S_600_95_6;600;95;3900;0,01795929;1,03534452
S_600_95_6;600;95;4100;0,01917705;1,053195287
S_600_95_6;600;95;4300;0,022333929;1,088896823
S_600_95_6;600;95;4500;0,024669116;1,142449125
S_600_95_7;600;95;100;0;0
S_600_95_7;600;95;450;0,000655996;0
S_600_95_7;600;95;800;0,001478861;0
S_600_95_7;600;95;1150;0,003857869;0
S_600_95_7;600;95;1500;0,005251172;0
S_600_95_7;600;95;1800;0,006284287;0,065359477
S_600_95_7;600;95;2100;0,007716804;0,081699346
S_600_95_7;600;95;2400;0,008877692;0,130718954
S_600_95_7;600;95;2650;0,010480195;0,196078431
S_600_95_7;600;95;2900;0,011566034;0,245098039
S_600_95_7;600;95;3100;0,012492152;0,310457516
S_600_95_7;600;95;3300;0,013553307;0,473856209
S_600_95_7;600;95;3500;0,014486788;0,571895425
S_600_95_7;600;95;3700;0,015447997;0,620915033
S_600_95_7;600;95;3900;0,016391842;0,68627451
S_600_95_7;600;95;4100;0,017827666;0,735294118
S_600_95_7;600;95;4300;0,018552261;0,784313725
S_600_95_7;600;95;4500;0,019044017;0,816993464
S_600_95_8;600;95;100;0;0
S_600_95_8;600;95;450;0,001535343;0
S_600_95_8;600;95;800;0,002775385;0
S_600_95_8;600;95;1150;0,003983976;0
S_600_95_8;600;95;1500;0,00530791;0
S_600_95_8;600;95;1800;0,007056443;0
S_600_95_8;600;95;2100;0,007827143;0,282131661
S_600_95_8;600;95;2400;0,009018318;0,360501567
S_600_95_8;600;95;2650;0,009438944;0,407523511
S_600_95_8;600;95;2900;0,010238301;0,454545455
S_600_95_8;600;95;3100;0,011034629;0,532915361
S_600_95_8;600;95;3300;0,011532;0,768025078
S_600_95_8;600;95;3500;0,012493;0,830721003
S_600_95_8;600;95;3700;0,013454;0,846394984
S_600_95_8;600;95;3900;0,014415;0,893416928
S_600_95_8;600;95;4100;0,015376;0,909090909
S_600_95_8;600;95;4300;0,016337;0,940438871
S_600_95_8;600;95;4500;0,017298;0,940438871
S_600_95_8;600;95;???;0,018259;0,987460815
S_600_95_8;600;95;???;0,01922;1,003134796
S_600_65_6;600;65;100;0,000778543;0
S_600_65_6;600;65;500;0,001838875;0
S_600_65_6;600;65;900;0,002687272;0
S_600_65_6;600;65;1250;0,003877166;0
S_600_65_6;600;65;1600;0,004540282;0
S_600_65_6;600;65;1950;0,004198482;0
S_600_65_6;600;65;2300;0,005648755;0
S_600_65_6;600;65;2600;0,006811171;0
S_600_65_6;600;65;2900;0,007396602;0
S_600_65_6;600;65;3200;0,008126308;0
S_600_65_6;600;65;3500;0,009333793;0
S_600_65_6;600;65;3750;0,010316198;0
S_600_65_6;600;65;4000;0,010622517;0
S_600_65_6;600;65;4250;0,011390981;0
S_600_65_6;600;65;4500;0,012098181;0
S_600_65_6;600;65;4750;0,012602793;0
S_600_65_6;600;65;5000;0,01299823;0
S_600_65_6;600;65;5200;0,013562006;0
S_600_65_6;600;65;???;0,014406839;0
S_600_65_6;600;65;???;0,01517313;0
S_600_65_6;600;65;???;0,015855859;0
S_600_65_6;600;65;???;0,016138872;0
S_600_65_7;600;65;100;0;0
S_600_65_7;600;65;500;0,000464113;0
S_600_65_7;600;65;900;0,001014261;0
S_600_65_7;600;65;1250;0,001697427;0
S_600_65_7;600;65;1600;0,002312225;0
S_600_65_7;600;65;1950;0,003601738;0
S_600_65_7;600;65;2300;0,003382006;0
S_600_65_7;600;65;2600;0,004815545;0
S_600_65_7;600;65;2900;0,006385404;0
S_600_65_7;600;65;3200;0,007365715;0
S_600_65_7;600;65;3500;0,008227698;0
S_600_65_7;600;65;3750;0,009004568;0
S_600_65_7;600;65;4000;0,010153037;0
S_600_65_7;600;65;4250;0,011356799;0
S_600_65_7;600;65;4500;0,012459092;0,032679739
S_600_65_7;600;65;4750;0,013335501;0,032679739
S_600_65_7;600;65;5000;0,014076956;0,032679739
S_600_65_7;600;65;5200;0,015132766;0,049019608
S_600_65_8;600;65;100;0,00093;0
S_600_65_8;600;65;500;0,00186;0
S_600_65_8;600;65;900;0,00279;0
S_600_65_8;600;65;1250;0,00372;0
S_600_65_8;600;65;1600;0,00465;0
S_600_65_8;600;65;1950;0,00558;0
S_600_65_8;600;65;2300;0,00651;0
S_600_65_8;600;65;2600;0,00744;0
S_600_65_8;600;65;2900;0,00837;0
S_600_65_8;600;65;3200;0,0093;0
S_600_65_8;600;65;3500;0,01023;0
S_600_65_8;600;65;3750;0,01116;0,03125
S_600_65_8;600;65;4000;0,01209;0,03125
S_600_65_8;600;65;4250;0,01302;0,046875
S_600_65_8;600;65;4500;0,01395;0,046875
S_600_65_8;600;65;4750;0,01488;0,046875
S_450_140_6;450;140;100;0;0
S_450_140_6;450;140;450;0,000364515;0
S_450_140_6;450;140;800;0,001385845;0
S_450_140_6;450;140;1150;0,002223678;0
S_450_140_6;450;140;1500;0,004204422;0
S_450_140_6;450;140;1800;0,006047746;0,065359477
S_450_140_6;450;140;2100;0,007895563;0,179738562
S_450_140_6;450;140;2400;0,009004986;0,375816993
S_450_140_6;450;140;2650;0,01042424;0,490196078
S_450_140_6;450;140;2900;0,010751778;0,620915033
S_450_140_6;450;140;3150;0,011204472;0,669934641
S_450_140_6;450;140;3400;0,011657166;0,767973856
S_450_140_6;450;140;3650;0,013039446;0,833333333
S_450_140_6;450;140;3850;0,013826917;0,849673203
S_450_140_6;450;140;4050;0,015123894;0,849673203
S_450_140_6;450;140;4250;0,015650912;0,89869281
S_450_140_7;450;140;100;0;0
S_450_140_7;450;140;450;0,001494882;0
S_450_140_7;450;140;800;0,003724189;0
S_450_140_7;450;140;1150;0,005591805;0
S_450_140_7;450;140;1500;0,007970453;0
S_450_140_7;450;140;1800;0,008779053;0,032679739
S_450_140_7;450;140;2100;0,010252515;0,049019608
S_450_140_7;450;140;2400;0,011461754;0,261437908
S_450_140_7;450;140;2650;0,013969834;0,359477124
S_450_140_7;450;140;2900;0,014334103;0,424836601
S_450_140_7;450;140;3150;0,01732188;0,490196078
S_450_140_7;450;140;3400;0,017472802;0,637254902
S_450_140_7;450;140;3650;0,018922665;0,68627451
S_450_140_7;450;140;3850;0,019795508;0,735294118
S_450_140_7;450;140;4050;0,020491167;0,767973856
S_450_140_7;450;140;4250;0,024090451;0,767973856
S_450_95_8;450;95;100;0;0
S_450_95_8;450;95;450;0,000136134;0
S_450_95_8;450;95;800;0,000966068;0
S_450_95_8;450;95;1150;0,00185753;0
S_450_95_8;450;95;1500;0,001789177;0
S_450_95_8;450;95;1800;0,002801079;0
S_450_95_8;450;95;2100;0,00372051;0
S_450_95_8;450;95;2350;0,00437664;0
S_450_95_8;450;95;2600;0,005341957;0,115511551
S_450_95_8;450;95;2850;0,00655803;0,148514851
S_450_95_8;450;95;3100;0,007596244;0,264026403
S_450_95_8;450;95;3350;0,008424036;0,297029703
S_450_95_8;450;95;3600;0,009251827;0,346534653
S_450_95_8;450;95;3800;0,009817147;0,478547855
S_450_95_8;450;95;4000;0,010253009;0,495049505
S_450_95_8;450;95;4200;0,010688871;0,561056106
S_450_95_8;450;95;4400;0,01141893;0,610561056
S_450_95_8;450;95;4600;0,011786716;0,660066007
S_450_95_8;450;95;4800;0,01314708;0,693069307
S_450_95_8;450;95;???;0,014967648;0,693069307
S_450_95_8;450;95;???;0,015891761;0,775577558
S_450_95_9;450;95;100;0;0
S_450_95_9;450;95;450;0;0
S_450_95_9;450;95;800;0,000148848;0
S_450_95_9;450;95;1150;0,000618324;0
S_450_95_9;450;95;1500;0,001308068;0
S_450_95_9;450;95;1800;0,002154395;0
S_450_95_9;450;95;2100;0,002154395;0,033112583
S_450_95_9;450;95;2350;0,003652928;0,11589404
S_450_95_9;450;95;2600;0,003895461;0,149006623
S_450_95_9;450;95;2850;0,004564148;0,182119205
S_450_95_9;450;95;3100;0,006926392;0,264900662
S_450_95_9;450;95;3350;0,006926392;0,364238411
S_450_95_9;450;95;3600;0,008093041;0,48013245
S_450_95_9;450;95;3800;0,009308039;0,513245033
S_450_95_9;450;95;4000;0,009308039;0,529801325
S_450_95_9;450;95;4200;0,009823142;0,529801325
S_450_95_9;450;95;4400;0,013301225;0,579470199
S_450_95_9;450;95;4600;0,014010469;0,579470199
S_450_65_6;450;65;100;0;0
S_450_65_6;450;65;450;0,000484935;0
S_450_65_6;450;65;800;0,000550272;0
S_450_65_6;450;65;1100;0,000742205;0
S_450_65_6;450;65;1400;0,001339285;0
S_450_65_6;450;65;1700;0,001763425;0
S_450_65_6;450;65;2000;0,002376818;0
S_450_65_6;450;65;2300;0,003790495;0
S_450_65_6;450;65;2600;0,003672285;0
S_450_65_6;450;65;2900;0,004860115;0
S_450_65_6;450;65;3150;0,006130372;0
S_450_65_6;450;65;3400;0,007275417;0
S_450_65_6;450;65;3600;0,008492678;0,032786885
S_450_65_6;450;65;3800;0,009532675;0,032786885
S_450_65_6;450;65;4000;0,01057383;0,049180328
S_450_65_6;450;65;4200;0,012079216;0,049180328
S_450_65_6;450;65;4400;0,012486262;0,06557377
S_450_65_6;450;65;4600;0,013341294;0,081967213
S_450_65_7;450;65;100;0;0
S_450_65_7;450;65;450;0,00041631;0
S_450_65_7;450;65;800;0,001228203;0
S_450_65_7;450;65;1100;0,001657436;0
S_450_65_7;450;65;1400;0,002922478;0
S_450_65_7;450;65;1700;0,00358671;0
S_450_65_7;450;65;2000;0,003563514;0
S_450_65_7;450;65;2300;0,004370688;0
S_450_65_7;450;65;2600;0,006901259;0
S_450_65_7;450;65;2900;0,008191206;0,016393443
S_450_65_7;450;65;3150;0,0084163;0,032786885
S_450_65_7;450;65;3400;0,009850986;0,049180328
S_450_65_7;450;65;3600;0,011610558;0,081967213
S_450_65_7;450;65;3800;0,010419162;0,081967213
S_450_65_7;450;65;4000;0,011930315;0,081967213
S_450_65_7;450;65;4200;0,013335401;0,098360656
S_450_65_7;450;65;4400;0,015723602;0,098360656
S_300_140_7;300;140;100;0,00096961;0
S_300_140_7;300;140;400;0,001883393;0
S_300_140_7;300;140;700;0,003052006;0
S_300_140_7;300;140;1000;0,004115492;0
S_300_140_7;300;140;1250;0,004104497;0
S_300_140_7;300;140;1500;0,005449899;0
S_300_140_7;300;140;1750;0,006771318;0,016233766
S_300_140_7;300;140;2000;0,00797804;0,064935065
S_300_140_7;300;140;2250;0,008748955;0,146103896
S_300_140_7;300;140;2450;0,009667475;0,178571429
S_300_140_7;300;140;2650;0,010725334;0,227272727
S_300_140_7;300;140;2850;0,011459259;0,275974026
S_300_140_7;300;140;3000;0,012251474;0,308441558
S_300_140_7;300;140;3150;0,013115147;0,340909091
S_300_140_7;300;140;3300;0,013786201;0,357142857
S_300_140_7;300;140;3450;0,014895218;0,357142857
S_300_140_7;300;140;3600;0,015974662;0,38961039
S_300_140_7;300;140;???;0,016548483;0,38961039
S_300_140_8;300;140;100;0;0
S_300_140_8;300;140;400;0,002620224;0
S_300_140_8;300;140;700;0,004556103;0
S_300_140_8;300;140;1000;0,005895151;0
S_300_140_8;300;140;1250;0,007051891;0
S_300_140_8;300;140;1500;0,008351944;0
S_300_140_8;300;140;1750;0,009720837;0
S_300_140_8;300;140;2000;0,012373643;0
S_300_140_8;300;140;2250;0,01387157;0,12987013
S_300_140_8;300;140;2450;0,014786188;0,405844156
S_300_140_8;300;140;2650;0,015893817;0,422077922
S_300_140_8;300;140;2850;0,017104979;0,470779221
S_300_140_8;300;140;3000;0,01760631;0,503246753
S_300_140_8;300;140;3150;0,018642668;0,568181818
S_300_95_7;300;95;100;0;0
S_300_95_7;300;95;400;0,001297683;0
S_300_95_7;300;95;650;0,001562558;0
S_300_95_7;300;95;900;0,001800381;0
S_300_95_7;300;95;1150;0,003033506;0
S_300_95_7;300;95;1400;0,003729286;0,016666667
S_300_95_7;300;95;1650;0,004187942;0,033333333
S_300_95_7;300;95;1850;0,006564958;0,083333333
S_300_95_7;300;95;2050;0,007804424;0,216666667
S_300_95_7;300;95;2250;0,00906756;0,233333333
S_300_95_7;300;95;2450;0,009205571;0,45
S_300_95_7;300;95;2650;0,010310855;0,55
S_300_95_7;300;95;2850;0,010705362;0,583333333
S_300_95_7;300;95;3050;0,012272827;0,65
S_300_95_7;300;95;3250;0,012446923;0,683333333
S_300_95_7;300;95;3400;0,013262199;0,683333333
S_300_95_7;300;95;3500;0,014044883;0,7
S_300_95_7;300;95;3600;0,016236735;0,716666667
S_300_95_8;300;95;100;0,001314241;0
S_300_95_8;300;95;400;0,002175484;0
S_300_95_8;300;95;650;0,002862841;0
S_300_95_8;300;95;900;0,003478732;0
S_300_95_8;300;95;1150;0,004524376;0,016233766
S_300_95_8;300;95;1400;0,005323568;0,016233766
S_300_95_8;300;95;1650;0,00623972;0,032467532
S_300_95_8;300;95;1850;0,008190643;0,048701299
S_300_95_8;300;95;2050;0,008209273;0,064935065
S_300_95_8;300;95;2250;0,009242924;0,146103896
S_300_95_8;300;95;2450;0,010050598;0,227272727
S_300_95_8;300;95;2650;0,01042752;0,25974026
S_300_95_8;300;95;2850;0,011448026;0,324675325
S_300_95_8;300;95;3050;0,012478221;0,357142857
S_300_95_8;300;95;3250;0,0131782;0,422077922
S_300_95_8;300;95;3400;0,013790334;0,454545455
S_300_95_8;300;95;3500;0,014626211;0,487012987
S_300_65_6;300;65;100;0,00048291;0
S_300_65_6;300;65;400;0,00125078;0
S_300_65_6;300;65;700;0,001824032;0
S_300_65_6;300;65;950;0,002741243;0
S_300_65_6;300;65;1200;0,003709752;0
S_300_65_6;300;65;1450;0,004473173;0
S_300_65_6;300;65;1700;0,005270846;0
S_300_65_6;300;65;1950;0,006136967;0
S_300_65_6;300;65;2200;0,007221338;0
S_300_65_6;300;65;2400;0,008584379;0
S_300_65_6;300;65;2600;0,009546436;0
S_300_65_6;300;65;2800;0,010342386;0
S_300_65_6;300;65;3000;0,011261566;0
S_300_65_6;300;65;3200;0,012084746;0
S_300_65_6;300;65;3400;0,012998822;0
S_300_65_6;300;65;3600;0,013733127;0
S_300_65_6;300;65;3800;0,014449405;0,016233766
S_300_65_6;300;65;4000;0,015307524;0,016233766
S_300_65_6;300;65;4200;0,016059915;0,032467532
S_300_65_6;300;65;???;0,017155731;0,032467532
S_300_65_7;300;65;100;0;0
S_300_65_7;300;65;400;-0,000318833;0
S_300_65_7;300;65;700;0,000411682;0
S_300_65_7;300;65;950;0,000580864;0
S_300_65_7;300;65;1200;0,00109405;0
S_300_65_7;300;65;1450;0,001655731;0
S_300_65_7;300;65;1700;0,002872616;0
S_300_65_7;300;65;1950;0,00373364;0
S_300_65_7;300;65;2200;0,004795608;0
S_300_65_7;300;65;2400;0,00567627;0
S_300_65_7;300;65;2600;0,007124995;0
S_300_65_7;300;65;2800;0,007959584;0
S_300_65_7;300;65;3000;0,008894947;0
S_300_65_7;300;65;3200;0,010086049;0
S_300_65_7;300;65;3400;0,011038339;0
S_300_65_7;300;65;3600;0,012046717;0
S_300_65_7;300;65;3800;0,013351807;0,016393443
S_300_65_7;300;65;4000;0,014055082;0,032786885
S_300_65_7;300;65;4200;0,015621164;0,032786885
S_300_65_7;300;65;???;0,016569189;0,049180328
S_200_95_7;200;95;100;0,001267165;0
S_200_95_7;200;95;350;0,002028979;0
S_200_95_7;200;95;600;0,003208422;0
S_200_95_7;200;95;850;0,003377949;0
S_200_95_7;200;95;1100;0,004683423;0
S_200_95_7;200;95;1300;0,006601937;0
S_200_95_7;200;95;1500;0,006569795;0,016233766
S_200_95_7;200;95;1700;0,00732307;0,064935065
S_200_95_7;200;95;1900;0,007941165;0,081168831
S_200_95_7;200;95;2050;0,00898552;0,113636364
S_200_95_7;200;95;2200;0,009791102;0,12987013
S_200_95_7;200;95;2350;0,010226163;0,146103896
S_200_95_7;200;95;2500;0,01116769;0,162337662
S_200_95_7;200;95;2650;0,011843422;0,211038961
S_200_95_7;200;95;2800;0,012542837;0,227272727
S_200_95_7;200;95;2950;0,013184436;0,227272727
S_200_95_7;200;95;3100;0,013756683;0,243506494
S_200_95_7;200;95;3250;0,014418749;0,25974026
S_200_95_7;200;95;???;0,015007414;0,25974026
S_200_95_8;200;95;100;0;0
S_200_95_8;200;95;350;-0,002265696;0
S_200_95_8;200;95;600;0,000554066;0
S_200_95_8;200;95;850;0,000757272;0
S_200_95_8;200;95;1100;0,001352374;0
S_200_95_8;200;95;1300;0,001699008;0
S_200_95_8;200;95;1500;0,003317349;0
S_200_95_8;200;95;1700;0,005047499;0
S_200_95_8;200;95;1900;0,006673906;0
S_200_95_8;200;95;2050;0,007545087;0
S_200_95_8;200;95;2200;0,008436731;0
S_200_95_8;200;95;2350;0,009542198;0,049019608
S_200_95_8;200;95;2500;0,010347476;0,081699346
S_200_95_8;200;95;2650;0,011343371;0,130718954
S_200_95_8;200;95;2800;0,012347588;0,22875817
S_200_95_8;200;95;2950;0,013226669;0,261437908
S_200_95_8;200;95;3100;0,014262838;0,261437908
S_200_95_8;200;95;3250;0,015530939;0,294117647
S_200_95_8;200;95;???;0,016430001;0,294117647
S_200_95_8;200;95;???;0,017436673;0,294117647
S_200_95_9;200;95;100;0,000878;0
S_200_95_9;200;95;350;0,001756;0
S_200_95_9;200;95;600;0,002634;0
S_200_95_9;200;95;850;0,003512;0
S_200_95_9;200;95;1100;0,00439;0
S_200_95_9;200;95;1300;0,005268;0
S_200_95_9;200;95;1500;0,006146;0,048701299
S_200_95_9;200;95;1700;0,007024;0,064935065
S_200_95_9;200;95;1900;0,007902;0,081168831
S_200_95_9;200;95;2050;0,00878;0,081168831
S_200_95_9;200;95;2200;0,009658;0,146103896
S_200_95_9;200;95;2350;0,010536;0,178571429
S_200_95_9;200;95;2500;0,011414;0,227272727
S_200_95_9;200;95;2650;0,012292;0,275974026
S_200_95_9;200;95;2800;0,01317;0,308441558
S_200_95_9;200;95;2950;0,014048;0,308441558
S_200_95_9;200;95;3100;0,014926;0,308441558
S_200_95_9;200;95;3250;0,015804;0,340909091
S_200_95_9;200;95;???;0,016682;0,340909091
S_200_95_9;200;95;???;0,01756;0,357142857
S_200_65_7;200;65;100;0,001311263;0
S_200_65_7;200;65;350;0,001753175;0
S_200_65_7;200;65;600;0,002788069;0
S_200_65_7;200;65;850;0,002875458;0
S_200_65_7;200;65;1100;0,004001279;0
S_200_65_7;200;65;1350;0,004828234;0
S_200_65_7;200;65;1600;0,005606372;0
S_200_65_7;200;65;1800;0,004400849;0
S_200_65_7;200;65;2000;0,006780704;0
S_200_65_7;200;65;2200;0,007508395;0
S_200_65_7;200;65;2400;0,008499712;0
S_200_65_7;200;65;2600;0,009166087;0
S_200_65_7;200;65;2800;0,009488499;0
S_200_65_8;200;65;100;0,001141233;0
S_200_65_8;200;65;350;0,002711023;0
S_200_65_8;200;65;600;0,003919893;0
S_200_65_8;200;65;850;0,004868259;0
S_200_65_8;200;65;1100;0,005781843;0
S_200_65_8;200;65;1350;0,005784547;0
S_200_65_8;200;65;1600;0,006504091;0
S_200_65_8;200;65;1800;0,007957718;0
S_200_65_8;200;65;2000;0,008196452;0
S_200_65_8;200;65;2200;0,009676085;0
S_200_65_8;200;65;2400;0,009609317;0
S_200_65_8;200;65;2600;0,011060384;0
S_200_65_8;200;65;2800;0,011630466;0,016233766
S_200_65_8;200;65;3000;0,01284052;0,016233766
S_200_65_8;200;65;2650;0,013902046;0,016233766
S_200_65_8;200;65;2750;0,015526675;0,016233766
S_200_65_8;200;65;2850;0,016252747;0,016233766
S_200_65_8;200;65;???;0,016936132;0,016233766
S_200_65_8;200;65;???;0,018679854;0,016233766
S_200_65_8;200;65;???;0,017702268;0,032467532
S_200_65_8;200;65;???;0,017948999;0,032467532
S_200_65_8;200;65;???;0,019360276;0,048701299
S_200_65_8;200;65;???;0,01931195;0,048701299
S_200_65_8;200;65;???;0,020066967;0,097402597
S_200_65_8;200;65;???;0,020817351;0,12987013
S_200_65_9;200;65;100;0;0
S_200_65_9;200;65;350;-0,00017872;0
S_200_65_9;200;65;600;-0,000316278;0
S_200_65_9;200;65;850;0,000248517;0
S_200_65_9;200;65;1100;0,001192948;0
S_200_65_9;200;65;1350;0,00311783;0
S_200_65_9;200;65;1600;0,004446901;0
S_200_65_9;200;65;1800;0,005596649;0
S_200_65_9;200;65;2000;0,006901996;0
S_200_65_9;200;65;2200;0,00828575;0
S_200_65_9;200;65;2400;0,01119603;0
S_200_65_9;200;65;2600;0,012961075;0
S_200_65_9;200;65;2800;0,014747989;0
S_200_65_9;200;65;3000;0,016953127;0
S_200_65_9;200;65;2650;0,019624731;0
S_200_65_9;200;65;2750;0,021158347;0
S_140_140_6;140;140;100;0,000439855;0
S_140_140_6;140;140;350;0,002081948;0
S_140_140_6;140;140;600;0,002298754;0
S_140_140_6;140;140;850;0,003259634;0
S_140_140_6;140;140;1100;0,004439172;0,017850768
S_140_140_6;140;140;1300;0,005348186;0,035701535
S_140_140_6;140;140;1500;0,006098158;0,089253838
S_140_140_6;140;140;1650;0,007528078;0,107104605
S_140_140_6;140;140;1800;0,007940062;0,107104605
S_140_140_6;140;140;1950;0,008367109;0,107104605
S_140_140_6;140;140;2100;0,009411605;0,142806141
S_140_140_6;140;140;2250;0,009589924;0,160656908
S_140_140_6;140;140;2400;0,010868772;0,178507676
S_140_140_6;140;140;2550;0,011814512;0,214209211
S_140_140_6;140;140;2650;0,013053307;0,214209211
S_140_140_6;140;140;2750;0,013318539;0,249910746
S_140_140_6;140;140;2850;0,013821829;0,249910746
S_140_140_6;140;140;2950;0,014555413;0,267761514
S_140_140_6;140;140;3050;0,01529909;0,267761514
S_140_140_7;140;140;100;0;0
S_140_140_7;140;140;350;0,00148716;0
S_140_140_7;140;140;600;0,002834;0
S_140_140_7;140;140;850;0,003762234;0
S_140_140_7;140;140;1100;0,004707903;0
S_140_140_7;140;140;1300;0,005620395;0
S_140_140_7;140;140;1500;0,006451508;0
S_140_140_7;140;140;1650;0,007217943;0,016233766
S_140_140_7;140;140;1800;0,008114104;0,032467532
S_140_140_7;140;140;1950;0,009091453;0,032467532
S_140_140_7;140;140;2100;0,009766964;0,064935065
S_140_140_7;140;140;2250;0,010750798;0,097402597
S_140_140_7;140;140;2400;0,011433512;0,146103896
S_140_140_7;140;140;2550;0,012526066;0,146103896
S_140_140_7;140;140;2650;0,013070357;0,178571429
S_140_140_7;140;140;2750;0,01376434;0,194805195
S_140_140_7;140;140;2850;0,01449375;0,211038961
S_140_140_7;140;140;2950;0,01513858;0,211038961
S_140_140_7;140;140;3050;0,015889941;0,243506494
S_140_140_7;140;140;3150;0,016537836;0,25974026
S_140_140_7;140;140;???;0,017158922;0,275974026
S_140_140_7;140;140;???;0,018096007;0,275974026
S_140_140_8;140;140;100;0;0
S_140_140_8;140;140;350;0,000742554;0
S_140_140_8;140;140;600;0,001381505;0
S_140_140_8;140;140;850;0,002183753;0
S_140_140_8;140;140;1100;0,003573135;0
S_140_140_8;140;140;1300;0,004260717;0
S_140_140_8;140;140;1500;0,005864773;0,015625
S_140_140_8;140;140;1650;0,00661882;0,046875
S_140_140_8;140;140;1800;0,007315664;0,0625
S_140_140_8;140;140;1950;0,008345859;0,09375
S_140_140_8;140;140;2100;0,009209437;0,140625
S_140_140_8;140;140;2250;0,009916557;0,171875
S_140_140_8;140;140;2400;0,010792983;0,203125
S_140_140_8;140;140;2550;0,012049546;0,203125
S_140_140_8;140;140;2650;0,012594037;0,203125
S_140_140_8;140;140;2750;0,013288906;0,203125
S_140_140_8;140;140;2850;0,014198133;0,203125
S_140_140_8;140;140;2950;0,014872787;0,203125
S_140_140_8;140;140;3050;0,015723473;0,203125
S_140_140_8;140;140;3150;0,016394415;0,203125
S_140_140_8;140;140;???;0,016806673;0,203125
S_140_65_6;140;65;100;0,000475235;0
S_140_65_6;140;65;350;0,001463913;0
S_140_65_6;140;65;600;0,002376185;0
S_140_65_6;140;65;850;0,003327877;0
S_140_65_6;140;65;1100;0,004056177;0
S_140_65_6;140;65;1300;0,004277693;0
S_140_65_6;140;65;1500;0,004802449;0
S_140_65_6;140;65;1650;0,006468135;0
S_140_65_6;140;65;1800;0,007196541;0
S_140_65_6;140;65;1950;0,007926702;0
S_140_65_6;140;65;2100;0,008437387;0
S_140_65_6;140;65;2250;0,009357435;0
S_140_65_6;140;65;2400;0,010149701;0
S_140_65_6;140;65;2550;0,010715793;0
S_140_65_6;140;65;2650;0,011494503;0
S_140_65_6;140;65;2750;0,01186135;0
S_140_65_6;140;65;2850;0,012514026;0
S_140_65_6;140;65;2950;0,012791042;0
S_140_65_6;140;65;3050;0,013942158;0
S_140_65_6;140;65;3150;0,014696834;0
S_140_65_6;140;65;3250;0,01530266;0
S_140_65_6;140;65;???;0,015582865;0
S_140_65_6;140;65;???;0,015953718;0
S_140_65_7;140;65;100;0;0
S_140_65_7;140;65;350;0,002108374;0
S_140_65_7;140;65;600;0,003281884;0
S_140_65_7;140;65;850;0,004323086;0
S_140_65_7;140;65;1100;0,005444614;0
S_140_65_7;140;65;1300;0,006962711;0
S_140_65_7;140;65;1500;0,008137348;0
S_140_65_7;140;65;1650;0,008980104;0
S_140_65_7;140;65;1800;0,009900657;0
S_140_65_7;140;65;1950;0,010934415;0
S_140_65_7;140;65;2100;0,011664755;0
S_140_65_7;140;65;2250;0,012821853;0
S_140_65_7;140;65;2400;0,013676518;0
S_140_65_7;140;65;2550;0,014414989;0
S_140_65_7;140;65;2650;0,015303157;0
S_140_65_7;140;65;2750;0,015777451;0
S_140_65_7;140;65;2850;0,016397426;0
S_140_65_7;140;65;2950;0,016919009;0
S_140_65_7;140;65;3050;0,017697021;0
S_140_65_7;140;65;3150;0,018333147;0
S_140_65_7;140;65;3250;0,019018873;0
S_140_65_7;140;65;???;0,019702916;0
S_140_65_7;140;65;???;0,020141028;0
S_140_65_7;140;65;???;0,020523433;0
S_140_65_8;140;65;100;0;0
S_140_65_8;140;65;350;0,000462031;0
S_140_65_8;140;65;600;0,001332686;0
S_140_65_8;140;65;850;0,001733922;0
S_140_65_8;140;65;1100;0,002616505;0
S_140_65_8;140;65;1300;0,003685313;0
S_140_65_8;140;65;1500;0,004982668;0
S_140_65_8;140;65;1650;0,005852195;0
S_140_65_8;140;65;1800;0,006694078;0
S_140_65_8;140;65;1950;0,00783754;0
S_140_65_8;140;65;2100;0,0088565;0
S_140_65_8;140;65;2250;0,010053661;0
S_140_65_8;140;65;2400;0,011360507;0
S_140_65_8;140;65;2550;0,012417907;0
S_140_65_8;140;65;2650;0,014401538;0
S_140_65_8;140;65;2750;0,015301991;0
S_140_65_8;140;65;2850;0,016294907;0
S_140_65_8;140;65;2950;0,017207592;0,016233766
S_140_65_8;140;65;3050;0,018238244;0,016233766
S_95_95_7;95;95;100;-0,000267392;0
S_95_95_7;95;95;350;0,001781798;0
S_95_95_7;95;95;600;0,002326997;0
S_95_95_7;95;95;850;0,002399768;0
S_95_95_7;95;95;1100;0,006138299;0
S_95_95_7;95;95;1300;0,006260207;0
S_95_95_7;95;95;1500;0,005233268;0
S_95_95_7;95;95;1650;0,00595946;0,016233766
S_95_95_7;95;95;1800;0,006208447;0,016233766
S_95_95_7;95;95;1950;0,007623343;0,016233766
S_95_95_7;95;95;2100;0,008472198;0,016233766
S_95_95_7;95;95;2250;0,008822304;0,048701299
S_95_95_7;95;95;2400;0,00934646;0,048701299
S_95_95_7;95;95;2550;0,010167847;0,064935065
S_95_95_7;95;95;2650;0,012201299;0,064935065
S_95_95_9;95;95;100;0;0
S_95_95_9;95;95;350;0,001562608;0
S_95_95_9;95;95;600;0,002964059;0
S_95_95_9;95;95;850;0,004938696;0
S_95_95_9;95;95;1100;0,007000274;0
S_95_95_9;95;95;1300;0,013808122;0,016233766
S_95_95_9;95;95;1500;0,015225534;0,032467532
S_95_95_9;95;95;1650;0,016522126;0,064935065
S_95_95_9;95;95;1800;0,017841768;0,097402597
S_95_95_9;95;95;1950;0,019010716;0,12987013
S_65_65_6;65;65;100;0,0009;0
S_65_65_6;65;65;300;0,0018;0
S_65_65_6;65;65;500;0,0027;0
S_65_65_6;65;65;700;0,0036;0
S_65_65_6;65;65;900;0,0045;0
S_65_65_6;65;65;1050;0,0054;0
S_65_65_6;65;65;1200;0,0063;0
S_65_65_6;65;65;1350;0,0072;0
S_65_65_6;65;65;1500;0,0081;0
S_65_65_6;65;65;1600;0,009;0
S_65_65_6;65;65;1700;0,0099;0
S_65_65_6;65;65;1800;0,0108;0
S_65_65_6;65;65;1900;0,0117;0
S_65_65_6;65;65;2000;0,0126;0
S_65_65_6;65;65;2100;0,0135;0
S_65_65_6;65;65;2200;0,0144;0
S_65_65_6;65;65;2300;0,0153;0
S_65_65_6;65;65;2400;0,0162;0
S_65_65_6;65;65;???;0,0171;0
S_65_65_7;65;65;100;0,000806;0
S_65_65_7;65;65;300;0,001612;0
S_65_65_7;65;65;500;0,002418;0
S_65_65_7;65;65;700;0,003224;0
S_65_65_7;65;65;900;0,00403;0
S_65_65_7;65;65;1050;0,004836;0
S_65_65_7;65;65;1200;0,005642;0
S_65_65_7;65;65;1350;0,006448;0
S_65_65_7;65;65;1500;0,007254;0
S_65_65_7;65;65;1600;0,00806;0
S_65_65_7;65;65;1700;0,008866;0
S_65_65_7;65;65;1800;0,009672;0
S_65_65_7;65;65;1900;0,010478;0
S_65_65_7;65;65;2000;0,011284;0
S_65_65_7;65;65;2100;0,01209;0
S_65_65_7;65;65;2200;0,012896;0
S_65_65_7;65;65;2300;0,013702;0
S_65_65_7;65;65;2400;0,014508;0
S_65_65_7;65;65;???;0,015314;0
S_65_65_7;65;65;???;0,01612;0
S_65_65_8;65;65;100;0;0
S_65_65_8;65;65;300;0,000797726;0
S_65_65_8;65;65;500;0,00162779;0
S_65_65_8;65;65;700;0,002672399;0
S_65_65_8;65;65;900;0,003586306;0
S_65_65_8;65;65;1050;0,004644188;0
S_65_65_8;65;65;1200;0,005521446;0
S_65_65_8;65;65;1350;0,006572739;0
S_65_65_8;65;65;1500;0,007840466;0
S_65_65_8;65;65;1600;0,008606015;0
S_65_65_8;65;65;1700;0,009815566;0
S_65_65_8;65;65;1800;0,010582465;0
S_65_65_8;65;65;1900;0,011523742;0
S_65_65_8;65;65;2000;0,012353075;0
S_65_65_8;65;65;2100;0,013551246;0
S_65_65_8;65;65;2200;0,01449239;0
S_65_65_8;65;65;2300;0,016180908;0
S_65_65_8;65;65;2400;0,01662342;0
S_65_65_8;65;65;???;0,017594567;0
S_65_65_8;65;65;???;0,017184889;0
H_600_140_6;600;140;100;0;0
H_600_140_6;600;140;1300;0,000612106;0
H_600_140_6;600;140;2500;0,001532426;0
H_600_140_6;600;140;3700;0,002551833;0
H_600_140_6;600;140;4900;0,003576623;0,017850768
H_600_140_6;600;140;6100;0,004436045;0,035701535
H_600_140_6;600;140;7300;0,005055623;0,142806141
H_600_140_6;600;140;8500;0,005743155;0,267761514
H_600_140_6;600;140;9700;0,006751439;0,392716887
H_600_140_6;600;140;10900;0,007266204;0,51767226
H_600_140_6;600;140;12100;0,008150802;0,58907533
H_600_140_6;600;140;13300;0,009274478;0,642627633
H_600_140_6;600;140;14500;0,010164579;0,678329168
H_600_140_6;600;140;15700;0,010060974;0,749732238
H_600_140_6;600;140;16900;0,011684476;0,803284541
H_600_140_6;600;140;18100;0,012101089;0,856836844
H_600_140_6;600;140;19300;0,01298842;0,981792217
H_600_140_6;600;140;20500;0,013055267;1,088896823
H_600_140_6;600;140;???;0,013659439;1,160299893
H_600_140_6;600;140;???;0,014403238;1,160299893
H_600_140_6;600;140;???;0,015572146;1,196001428
H_600_140_7;600;140;100;0,000182;0
H_600_140_7;600;140;1300;0,001139;0
H_600_140_7;600;140;2500;0,002096;0
H_600_140_7;600;140;3700;0,003053;0
H_600_140_7;600;140;4900;0,00401;0,032679739
H_600_140_7;600;140;6100;0,004967;0,114379085
H_600_140_7;600;140;7300;0,005924;0,245098039
H_600_140_7;600;140;8500;0,006881;0,359477124
H_600_140_7;600;140;9700;0,007838;0,490196078
H_600_140_7;600;140;10900;0,008795;0,68627451
H_600_140_7;600;140;12100;0,009752;0,784313725
H_600_140_7;600;140;13300;0,010709;0,800653595
H_600_140_7;600;140;14500;0,011666;0,849673203
H_600_140_7;600;140;15700;0,012623;0,866013072
H_600_140_7;600;140;16900;0,01358;0,91503268
H_600_140_7;600;140;18100;0,014537;0,947712418
H_600_140_7;600;140;19300;0,015494;0,964052288
H_600_140_7;600;140;20500;0,016451;1,045751634
H_600_140_7;600;140;???;0,017408;1,12745098
H_600_140_7;600;140;???;0,018365;1,12745098
H_140_140_7;140;140;100;0;0
H_140_140_7;140;140;1300;0,000297039;0
H_140_140_7;140;140;2500;0,000594078;0
H_140_140_7;140;140;3700;0,00184558;0
H_140_140_7;140;140;4900;0,00335;0
H_140_140_7;140;140;6100;0,00402;0
H_140_140_7;140;140;7300;0,00469;0
H_140_140_7;140;140;8500;0,00536;0
H_140_140_7;140;140;9700;0,00603;0,033112583
H_140_140_7;140;140;10900;0,0067;0,066225166
H_140_140_7;140;140;12100;0,00737;0,066225166
H_140_140_7;140;140;13300;0,00804;0,082781457
H_140_140_7;140;140;14500;0,00871;0,099337748
H_140_140_7;140;140;15700;0,00938;0,099337748
H_140_140_7;140;140;16900;0,01005;0,099337748
H_140_140_8;140;140;100;0;0
H_140_140_8;140;140;1300;0,008126779;0
H_140_140_8;140;140;2500;0,011472222;0
H_140_140_8;140;140;3700;0,013416997;0
H_140_140_8;140;140;4900;0,015194302;0,016339869
H_140_140_8;140;140;6100;0,016727363;0,016339869
H_140_140_8;140;140;7300;0,018358498;0,049019608
H_140_140_8;140;140;8500;0,019584293;0,065359477
H_140_140_8;140;140;9700;0,020355783;0,098039216
H_140_140_8;140;140;10900;0,020724143;0,114379085
H_140_140_8;140;140;12100;0,022311348;0,130718954
H_140_140_8;140;140;13300;0,023443701;0,130718954
H_140_140_8;140;140;14500;0,02440759;0,130718954
H_140_140_8;140;140;15700;0,025744231;0,130718954
H_140_140_8;140;140;16900;0,026578205;0,147058824
H_140_140_8;140;140;18100;0,027823674;0,147058824
H_65_65_7;65;65;100;0;0
H_65_65_7;65;65;1300;0,00024228;0
H_65_65_7;65;65;2500;0,000484559;0
H_65_65_7;65;65;3700;0,001527831;0
H_65_65_7;65;65;4900;0,001916084;0
H_65_65_7;65;65;6100;0,002587203;0
H_65_65_7;65;65;7300;0,002445442;0
H_65_65_7;65;65;8500;0,004783589;0
H_65_65_7;65;65;9700;0,00498199;0
H_65_65_7;65;65;10900;0,005581525;0
H_65_65_7;65;65;12100;0,006948099;0
H_65_65_7;65;65;13300;0,007894866;0
H_65_65_7;65;65;14500;0,009022123;0
H_65_65_7;65;65;15700;0,010007397;0
H_65_65_7;65;65;16900;0,011445369;0
H_65_65_8;65;65;100;0;0
H_65_65_8;65;65;1300;0,0005;0
H_65_65_8;65;65;2500;0,001;0
H_65_65_8;65;65;3700;0,0015;0
H_65_65_8;65;65;4900;0,00192478;0
H_65_65_8;65;65;6100;0,00242478;0
H_65_65_8;65;65;7300;0,003196532;0
H_65_65_8;65;65;8500;0,003568404;0
H_65_65_8;65;65;9700;0,004048208;0
H_65_65_8;65;65;10900;0,005033904;0
H_65_65_8;65;65;12100;0,005865095;0
H_65_65_8;65;65;13300;0,006216787;0
H_65_65_8;65;65;14500;0,007064035;0
H_65_65_8;65;65;15700;0,00779424;0
H_65_65_8;65;65;16900;0,008662157;0
H_65_65_8;65;65;18100;0,008748262;0
